no.,url
1,https://www.youtube.com/watch?v=M-AlZLeVxgg
2,https://www.youtube.com/watch?v=Ty8di4QLWKI
3,https://www.youtube.com/watch?v=AaKrKqxdpXM
4,https://www.youtube.com/watch?v=c-d7eK8XwZw
5,https://www.youtube.com/watch?v=kt8DtejUIVY
6,https://www.youtube.com/watch?v=eYMUH3fXlH8
7,https://www.youtube.com/watch?v=YrB_a_E7hZo
8,https://www.youtube.com/watch?v=KDS19N_4EZ0
9,https://www.youtube.com/watch?v=UGffoNvdWic
10,https://www.youtube.com/watch?v=u2h2r33ok8M
11,https://www.youtube.com/watch?v=ZVB2wW-EaAQ
12,https://www.youtube.com/watch?v=8o9UE4O4vFA
13,https://www.youtube.com/watch?v=9sj3n4PwW1w
14,https://www.youtube.com/watch?v=EMwhl50_E9c
15,https://www.youtube.com/watch?v=xH2kwF75v-g
16,https://www.youtube.com/watch?v=w4j-lxa81yw
17,https://www.youtube.com/watch?v=S2f2wsjLHGM
18,https://www.youtube.com/watch?v=OhgU50Qz-g8
19,https://www.youtube.com/watch?v=DEC66kNENpI
20,https://www.youtube.com/watch?v=Yu--lcssR6M
21,https://www.youtube.com/watch?v=2z9_0yMnRhE
22,https://www.youtube.com/watch?v=SWUPhdAckag
23,https://www.youtube.com/watch?v=4oROUw1zLdU
24,https://www.youtube.com/watch?v=8eW23cvorlY
25,https://www.youtube.com/watch?v=ekOLBuSsDuo
26,https://www.youtube.com/watch?v=JiyWXFJsMvE
27,https://www.youtube.com/watch?v=XXDRrCSyUd4
28,https://www.youtube.com/watch?v=anuX6NmDxCI
29,https://www.youtube.com/watch?v=ykJt01c6tkM
30,https://www.youtube.com/watch?v=Xh89GmiVhMA
31,https://www.youtube.com/watch?v=a9mS8NyOb8Y
32,https://www.youtube.com/watch?v=aK8jZSHZjac
33,https://www.youtube.com/watch?v=zXe3Zj-2Mgw
34,https://www.youtube.com/watch?v=VvuPe382W5o
35,https://www.youtube.com/watch?v=QGhb4kvp__8
36,https://www.youtube.com/watch?v=VFE_mtrwwAY
37,https://www.youtube.com/watch?v=zflLzEeXAjI
38,https://www.youtube.com/watch?v=aZoeKoPTbAY
39,https://www.youtube.com/watch?v=9dX0xid524o
40,https://www.youtube.com/watch?v=uMqfTgXy7WY
41,https://www.youtube.com/watch?v=yl4xM75q9aQ
42,https://www.youtube.com/watch?v=Hrw-6qevzsk
43,https://www.youtube.com/watch?v=a37YtY_pkx0
44,https://www.youtube.com/watch?v=a0mAz05DdmI
45,https://www.youtube.com/watch?v=ArY8IbyQqUw
46,https://www.youtube.com/watch?v=XzaNCYGuInk
47,https://www.youtube.com/watch?v=zIZ5VGZRI8M
48,https://www.youtube.com/watch?v=CO3dFUtB-5I
49,https://www.youtube.com/watch?v=uPBWQyFdc0k
50,https://www.youtube.com/watch?v=h2wSln8sxq0
51,https://www.youtube.com/watch?v=3R-sVSbkxAw
52,https://www.youtube.com/watch?v=m_C0CncO3Gg
53,https://www.youtube.com/watch?v=vlQOaXcTacY
54,https://www.youtube.com/watch?v=KVVUPMgaSsc
55,https://www.youtube.com/watch?v=zi-8QCopQec
56,https://www.youtube.com/watch?v=ERIlZlKhYQ4
57,https://www.youtube.com/watch?v=QFQlpQ3pmJU
58,https://www.youtube.com/watch?v=L4XudAUregg
59,https://www.youtube.com/watch?v=yuGDkwiwenE
60,https://www.youtube.com/watch?v=kZ1aMMm5Bpc
61,https://www.youtube.com/watch?v=YIQciACHwGk
62,https://www.youtube.com/watch?v=PQ_eb8-GrSw
63,https://www.youtube.com/watch?v=pfu3AwWXB2E
64,https://www.youtube.com/watch?v=My0T1D3oRqQ
65,https://www.youtube.com/watch?v=5Y8sTD7yekg
66,https://www.youtube.com/watch?v=A8rr-KYFNfs
67,https://www.youtube.com/watch?v=6Eu0rM4Pr5Q
68,https://www.youtube.com/watch?v=wpCYGlQ7keo
69,https://www.youtube.com/watch?v=_RyWXX_iGlY
70,https://www.youtube.com/watch?v=ANyp9df0qrs
71,https://www.youtube.com/watch?v=SZcCoGemnXY
72,https://www.youtube.com/watch?v=1GZJuU9tXVw
73,https://www.youtube.com/watch?v=JepK3dFCHJs
74,https://www.youtube.com/watch?v=8cSOW_luqcY
75,https://www.youtube.com/watch?v=ONTD3BEsJyo
76,https://www.youtube.com/watch?v=C1u0OkdYSBE
77,https://www.youtube.com/watch?v=-_mR4ENpE0I
78,https://www.youtube.com/watch?v=oAnalRn3BDQ
79,https://www.youtube.com/watch?v=dCMC7MiyhZI
80,https://www.youtube.com/watch?v=fWL2brwsJSE
81,https://www.youtube.com/watch?v=j7am0RNPBJ0
82,https://www.youtube.com/watch?v=ZRNcwHr0LsM
83,https://www.youtube.com/watch?v=cPdzv1XSNxs
84,https://www.youtube.com/watch?v=LBAw2BOGaHo
85,https://www.youtube.com/watch?v=ZRNALPciyxo
86,https://www.youtube.com/watch?v=NCr5oo139Qk
87,https://www.youtube.com/watch?v=lj0pmHaO2uI
88,https://www.youtube.com/watch?v=L_cur8sZd-k
89,https://www.youtube.com/watch?v=gwXjT1b_-7M
90,https://www.youtube.com/watch?v=9NiRubJNnoU
91,https://www.youtube.com/watch?v=UMQp7HhQb10
92,https://www.youtube.com/watch?v=oVWVYFARSUk
93,https://www.youtube.com/watch?v=GGydauTUsFo
94,https://www.youtube.com/watch?v=B2ybFnLiuCg
95,https://www.youtube.com/watch?v=g9XdtbPV2HI
96,https://www.youtube.com/watch?v=F06TQt_6E-o
97,https://www.youtube.com/watch?v=2otBde8aJRY
98,https://www.youtube.com/watch?v=FC8Yc3J_72Y
99,https://www.youtube.com/watch?v=LJV0r8tR1aA
100,https://www.youtube.com/watch?v=_46kDo7R5iU
101,https://www.youtube.com/watch?v=lS-WogoB9bg
102,https://www.youtube.com/watch?v=KPK9vbUjt2Y
103,https://www.youtube.com/watch?v=h10KpgbKzVE
104,https://www.youtube.com/watch?v=Wk6cIOAnUj0
105,https://www.youtube.com/watch?v=ivyp2ihnpOs
106,https://www.youtube.com/watch?v=mRfyLoJOO-Y
107,https://www.youtube.com/watch?v=r--4zLmN1U0
108,https://www.youtube.com/watch?v=sGTx950-wS0
109,https://www.youtube.com/watch?v=23idGHavLFA
110,https://www.youtube.com/watch?v=QuAHa0RFLyI
111,https://www.youtube.com/watch?v=io0LgGI1pUA
112,https://www.youtube.com/watch?v=GB4-DVKQqQI
113,https://www.youtube.com/watch?v=6QPlfufqk4w
114,https://www.youtube.com/watch?v=w92y_qsu_kQ
115,https://www.youtube.com/watch?v=F6Go3CkrRAI
116,https://www.youtube.com/watch?v=JMW4z3paz4E
117,https://www.youtube.com/watch?v=gG1G1uXyNWY
118,https://www.youtube.com/watch?v=GOLfJJC1ZjA
119,https://www.youtube.com/watch?v=9DzEWahrq-U
120,https://www.youtube.com/watch?v=tC9A2cCOyfM
121,https://www.youtube.com/watch?v=AO5THoYnz6I
122,https://www.youtube.com/watch?v=AUz-0COyN9Y
123,https://www.youtube.com/watch?v=_qBXZNviCiI
124,https://www.youtube.com/watch?v=S16ExTqTw6c
125,https://www.youtube.com/watch?v=YMQtZKjPU-A
126,https://www.youtube.com/watch?v=8M5VmkdQ5uM
127,https://www.youtube.com/watch?v=tj9-hZWKkIA
128,https://www.youtube.com/watch?v=ON_nzZkNQVg
129,https://www.youtube.com/watch?v=2Ek_UAUxv1A
130,https://www.youtube.com/watch?v=epn9U0AlcOU
131,https://www.youtube.com/watch?v=G8iv53VXjkQ
132,https://www.youtube.com/watch?v=zijx_Y9Pa8k
133,https://www.youtube.com/watch?v=JmRX1veLXro
134,https://www.youtube.com/watch?v=CASGiM_mHe4
135,https://www.youtube.com/watch?v=pKel46JQ2hc
136,https://www.youtube.com/watch?v=oKX7PmyHPuY
137,https://www.youtube.com/watch?v=7ywg9ToYCNs
138,https://www.youtube.com/watch?v=A7A09xBqlpg
139,https://www.youtube.com/watch?v=mwU1mAtDXRg
140,https://www.youtube.com/watch?v=cMnld9sqbiw
141,https://www.youtube.com/watch?v=7-KSG4hyOxA
142,https://www.youtube.com/watch?v=RZgTixx-biw
143,https://www.youtube.com/watch?v=lWJ5RU7_gKQ
144,https://www.youtube.com/watch?v=AMl_hixZeIc
145,https://www.youtube.com/watch?v=PBnlPWn7YrY
146,https://www.youtube.com/watch?v=DFvj6z5POwQ
147,https://www.youtube.com/watch?v=HLAkarlNwPA
148,https://www.youtube.com/watch?v=xHNk5kRqLpc
149,https://www.youtube.com/watch?v=t0G3UdU85Wo
150,https://www.youtube.com/watch?v=kO333Onu0g0
151,https://www.youtube.com/watch?v=XAENwuofbZg
152,https://www.youtube.com/watch?v=10OM7HHjFcU
153,https://www.youtube.com/watch?v=JFX84Zfcb10
154,https://www.youtube.com/watch?v=HFCDkOpXxFU
155,https://www.youtube.com/watch?v=L3nz-TBH8yQ
156,https://www.youtube.com/watch?v=z05-HEV5EXQ
157,https://www.youtube.com/watch?v=5MbTZXHG8kg
158,https://www.youtube.com/watch?v=DwMpqBTQBZM
159,https://www.youtube.com/watch?v=0VNSpG2Zu40
160,https://www.youtube.com/watch?v=w9JpDwU6ktw
161,https://www.youtube.com/watch?v=LLH447bS4yY
162,https://www.youtube.com/watch?v=GaUCjlhlGPo
163,https://www.youtube.com/watch?v=6iIDf2eQetg
164,https://www.youtube.com/watch?v=PiSEDMq6KKQ
165,https://www.youtube.com/watch?v=iBwCT2hNaAQ
166,https://www.youtube.com/watch?v=xAi5kBXUzoM
167,https://www.youtube.com/watch?v=FJO_fuRpG3A
168,https://www.youtube.com/watch?v=EBsk_A0kr-E
169,https://www.youtube.com/watch?v=hAupk6m7HUk
170,https://www.youtube.com/watch?v=oQJnfaWl1TE
171,https://www.youtube.com/watch?v=u4yBZ_tNdIA
172,https://www.youtube.com/watch?v=QjsQWFl9xFs
173,https://www.youtube.com/watch?v=uj9oJqMhuq8
174,https://www.youtube.com/watch?v=nssDWvv0Uto
175,https://www.youtube.com/watch?v=pRqTAyzAuYY
176,https://www.youtube.com/watch?v=t11T5ql6D00
177,https://www.youtube.com/watch?v=4eun6Rz2p1w
178,https://www.youtube.com/watch?v=LahGZHxJO1w
179,https://www.youtube.com/watch?v=WGm0eQo-MBQ
180,https://www.youtube.com/watch?v=IdIMWWSh3Yw
181,https://www.youtube.com/watch?v=2ERLXmW7VpY
182,https://www.youtube.com/watch?v=iyRUm2RaQOA
183,https://www.youtube.com/watch?v=62Ji_7fdtCo
184,https://www.youtube.com/watch?v=nW78kUYO5VY
185,https://www.youtube.com/watch?v=FGYnIFhuej0
186,https://www.youtube.com/watch?v=0Qhp4H64gfA
187,https://www.youtube.com/watch?v=0OeE-ysHA5Y
188,https://www.youtube.com/watch?v=cNScpW3dg8Y
189,https://www.youtube.com/watch?v=CcBIhUW_gnI
190,https://www.youtube.com/watch?v=MXToxpazFR8
191,https://www.youtube.com/watch?v=P1-TS6ckCuQ
192,https://www.youtube.com/watch?v=wLZg6EWEI2w
193,https://www.youtube.com/watch?v=o0TyvNmYaSs
194,https://www.youtube.com/watch?v=lYPVExc8OoM
195,https://www.youtube.com/watch?v=2ZYdZf4TCIk
196,https://www.youtube.com/watch?v=Iie9pkjxbhE
197,https://www.youtube.com/watch?v=Ir99L1XhDio
198,https://www.youtube.com/watch?v=5xdMZup5fP0
199,https://www.youtube.com/watch?v=yz0KuCVUBQ4
200,https://www.youtube.com/watch?v=9S1B3CSEFmU
